Workbook

Sheet Instructions
B2: Kun Khmer Federation — Fighter Registration Form
B3: សហព័ន្ធគុនខ្មែរ — ទម្រង់ចុះឈ្មោះអ្នកប្រដាល់
B5: How to fill in this form | C5: របៀបបំពេញទម្រង់នេះ
B6: 1. Fill in the Club sheet once (your club and contact person). | C6: ១. បំពេញសន្លឹក Club ម្តង (ក្លឹប និងអ្នកទំនាក់ទំនង)។
B7: 2. On the Fighters sheet, use one row per fighter. Row 3 is an example — leave it as it is. | C7: ២. នៅសន្លឹក Fighters សរសេរអ្នកប្រដាល់ម្នាក់ក្នុងមួយជួរ។ ជួរទី ៣ ជាឧទាហរណ៍ — សូមកុំកែ។
B8: 3. Columns marked * are required. Choose from the drop-down list where there is one. | C8: ៣. ជួរឈរដែលមានសញ្ញា * ត្រូវតែបំពេញ។ សូមជ្រើសពីបញ្ជីជម្រើស នៅកន្លែងដែលមាន។
B9: 4. Dates as DD/MM/YYYY (e.g. 14/05/2003). Weight in kilograms, height in centimetres. | C9: ៤. កាលបរិច្ឆេទជាទម្រង់ ថ្ងៃ/ខែ/ឆ្នាំ (ឧ. 14/05/2003)។ ទម្ងន់ជាគីឡូក្រាម កម្ពស់ជាសង់ទីម៉ែត្រ។
B10: 5. Grey columns (age, weight class, record) fill in automatically — don't type in them. | C10: ៥. ជួរឈរពណ៌ប្រផេះ (អាយុ ថ្នាក់ទម្ងន់ កំណត់ត្រា) បំពេញដោយស្វ័យប្រវត្តិ — សូមកុំសរសេរ។
B11: 6. Record: wins, losses and draws so far. KKF will check them. | C11: ៦. កំណត់ត្រា៖ ចំនួនឈ្នះ ចាញ់ និងស្មើ រហូតមកដល់ពេលនេះ។ KKF នឹងពិនិត្យផ្ទៀងផ្ទាត់។
B12: 7. Photos are not needed in this form. | C12: ៧. មិនចាំបាច់ភ្ជាប់រូបថតក្នុងទម្រង់នេះទេ។
B13: 8. Save the file and send it to KKF. KKF registers the fighters and decides their grade. | C13: ៨. រក្សាទុកឯកសារ ហើយផ្ញើទៅ KKF។ KKF ចុះឈ្មោះអ្នកប្រដាល់ និងកំណត់កម្រិតរបស់ពួកគេ។
B15: Colours | C15: ពណ៌
B16: Yellow cells — the club fills these in. | C16: ក្រឡាពណ៌លឿង — ក្លឹបជាអ្នកបំពេញ។
B17: Grey cells — calculated automatically. | C17: ក្រឡាពណ៌ប្រផេះ — គណនាដោយស្វ័យប្រវត្តិ។
... B22: This file holds personal details (ID, phone, medical). Send it only to KKF and don't share it elsewhere. | C22: ឯកសារនេះមានព័ត៌មានផ្ទាល់ខ្លួន (អត្តសញ្ញាណ ទូរស័ព្ទ សុខភាព)។ សូមផ្ញើទៅ KKF តែប៉ុណ្ណោះ ហើយកុំចែករំលែកទៅកន្លែងផ្សេង។

Sheet Club
B2: Club details / ព័ត៌មានក្លឹប
B3: Fill in the yellow cells. The grey column shows an example. / សូមបំពេញក្រឡាពណ៌លឿង។ ជួរឈរពណ៌ប្រផេះជាឧទាហរណ៍។
C4: Your club / ក្លឹបរបស់អ្នក | D4: Example / ឧទាហរណ៍
B5: Club name (English) * ឈ្មោះក្លឹប (អង់គ្លេស) | D5: Sok Dara Kun Khmer Club
B6: Club name (Khmer) * ឈ្មោះក្លឹប (ខ្មែរ) | D6: ក្លឹបគុនខ្មែរ សុខ ដារ៉ា
B7: Province * ខេត្ត | D7: Kampong Cham / កំពង់ចាម
B8: Head coach គ្រូបង្វឹកជាន់ខ្ពស់ | D8: Chan Vuthy
B9: Contact person * អ្នកទំនាក់ទំនង | D9: Sok Dara
B10: Contact phone * លេខទូរស័ព្ទទំនាក់ទំនង | D10: 012 345 678
B11: Email អ៊ីមែល | D11: club@example.com
B12: Date sent (DD/MM/YYYY) កាលបរិច្ឆេទផ្ញើ | D12: 28/09/2026

Sheet Fighters
A1: Fighters / អ្នកប្រដាល់ — one row per fighter; * = required / ម្នាក់ក្នុងមួយជួរ; * = ត្រូវតែបំពេញ
A2: No. ល.រ | B2: Name (English) * ឈ្មោះ (អង់គ្លេស) | C2: Name (Khmer) * ឈ្មោះ (ខ្មែរ) | D2: Nickname ឈ្មោះហៅក្រៅ | E2: Gender * ភេទ | F2: Date of birth * (DD/MM/YYYY) ថ្ងៃខែឆ្នាំកំណើត | G2: Age (automatic) អាយុ | H2: Place of birth ទីកន្លែងកំណើត | I2: Nationality * សញ្ជាតិ | J2: Province ខេត្ត | K2: Weight (kg) * ទម្ងន់ (គ.ក) | L2: Weight class (automatic) ថ្នាក់ទម្ងន់ | M2: Height (cm) * កម្ពស់ (ស.ម) | N2: Fighting style រចនាបថប្រកួត | O2: Professional / Amateur អាជីព / ស្ម័គ្រចិត្ត | P2: Wins ឈ្នះ | Q2: Losses ចាញ់ | R2: Draws ស្មើ | S2: Record W-L-D (automatic) កំណត់ត្រា | T2: ID type ប្រភេទឯកសារ | U2: ID / passport number លេខឯកសារ | V2: ID expiry (DD/MM/YYYY) ថ្ងៃផុតកំណត់ | W2: Phone លេខទូរស័ព្ទ | X2: Emergency contact name ឈ្មោះអ្នកទំនាក់ទំនងបន្ទាន់ | Y2: Relationship ត្រូវជា | Z2: Emergency phone ទូរស័ព្ទបន្ទាន់ | AA2: Last medical check (DD/MM/YYYY) ការពិនិត្យសុខភាពចុងក្រោយ | AB2: Medical conditions / allergies ជំងឺ / អាឡែហ្ស៊ី | AC2: Notes កំណត់សម្គាល់ | AD2: Registered in system (KKF use) បានចុះក្នុងប្រព័ន្ធ
A3: e.g. | B3: Sok Dara | C3: សុខ ដារ៉ា | D3: Tiger | E3: Male / ប្រុស | F3: 37755 | G3: =IF(F3="","",DATEDIF(F3,TODAY(),"Y")) | H3: Kampong Cham | I3: Cambodian / ខ្មែរ | J3: Kampong Cham / កំពង់ចាម | K3: 60.5 | L3: =IF(K3="","",INDEX(Lists!$H$2:$H$15,COUNTIF(Lists!$I$2:$I$14,"<"&K3)+1)) | M3: 172 | N3: Kun Khmer | O3: Professional / អាជីព | P3: 12 | Q3: 3 | R3: 1 | S3: =IF(AND(P3="",Q3="",R3=""),"",N(P3)&"-"&N(Q3)&"-"&N(R3)) | T3: National ID / អត្តសញ្ញាណប័ណ្ណ | U3: 010203040 | V3: 47514 | W3: 012 345 678 | X3: Sok Chea | Y3: Father / ឪពុក | Z3: 097 123 4567 | AA3: 46254 | AB3: None / គ្មាន
A4: 1 | G4: =IF(F4="","",DATEDIF(F4,TODAY(),"Y")) | L4: =IF(K4="","",INDEX(Lists!$H$2:$H$15,COUNTIF(Lists!$I$2:$I$14,"<"&K4)+1)) | S4: =IF(AND(P4="",Q4="",R4=""),"",N(P4)&"-"&N(Q4)&"-"&N(R4))
A5: 2 | G5: =IF(F5="","",DATEDIF(F5,TODAY(),"Y")) | L5: =IF(K5="","",INDEX(Lists!$H$2:$H$15,COUNTIF(Lists!$I$2:$I$14,"<"&K5)+1)) | S5: =IF(AND(P5="",Q5="",R5=""),"",N(P5)&"-"&N(Q5)&"-"&N(R5))
A6: 3 | G6: =IF(F6="","",DATEDIF(F6,TODAY(),"Y")) | L6: =IF(K6="","",INDEX(Lists!$H$2:$H$15,COUNTIF(Lists!$I$2:$I$14,"<"&K6)+1)) | S6: =IF(AND(P6="",Q6="",R6=""),"",N(P6)&"-"&N(Q6)&"-"&N(R6))
A7: 4 | G7: =IF(F7="","",DATEDIF(F7,TODAY(),"Y")) | L7: =IF(K7="","",INDEX(Lists!$H$2:$H$15,COUNTIF(Lists!$I$2:$I$14,"<"&K7)+1)) | S7: =IF(AND(P7="",Q7="",R7=""),"",N(P7)&"-"&N(Q7)&"-"&N(R7))
A8: 5 | G8: =IF(F8="","",DATEDIF(F8,TODAY(),"Y")) | L8: =IF(K8="","",INDEX(Lists!$H$2:$H$15,COUNTIF(Lists!$I$2:$I$14,"<"&K8)+1)) | S8: =IF(AND(P8="",Q8="",R8=""),"",N(P8)&"-"&N(Q8)&"-"&N(R8))
A9: 6 | G9: =IF(F9="","",DATEDIF(F9,TODAY(),"Y")) | L9: =IF(K9="","",INDEX(Lists!$H$2:$H$15,COUNTIF(Lists!$I$2:$I$14,"<"&K9)+1)) | S9: =IF(AND(P9="",Q9="",R9=""),"",N(P9)&"-"&N(Q9)&"-"&N(R9))
A10: 7 | G10: =IF(F10="","",DATEDIF(F10,TODAY(),"Y")) | L10: =IF(K10="","",INDEX(Lists!$H$2:$H$15,COUNTIF(Lists!$I$2:$I$14,"<"&K10)+1)) | S10: =IF(AND(P10="",Q10="",R10=""),"",N(P10)&"-"&N(Q10)&"-"&N(R10))
A11: 8 | G11: =IF(F11="","",DATEDIF(F11,TODAY(),"Y")) | L11: =IF(K11="","",INDEX(Lists!$H$2:$H$15,COUNTIF(Lists!$I$2:$I$14,"<"&K11)+1)) | S11: =IF(AND(P11="",Q11="",R11=""),"",N(P11)&"-"&N(Q11)&"-"&N(R11))
A12: 9 | G12: =IF(F12="","",DATEDIF(F12,TODAY(),"Y")) | L12: =IF(K12="","",INDEX(Lists!$H$2:$H$15,COUNTIF(Lists!$I$2:$I$14,"<"&K12)+1)) | S12: =IF(AND(P12="",Q12="",R12=""),"",N(P12)&"-"&N(Q12)&"-"&N(R12))
A13: 10 | G13: =IF(F13="","",DATEDIF(F13,TODAY(),"Y")) | L13: =IF(K13="","",INDEX(Lists!$H$2:$H$15,COUNTIF(Lists!$I$2:$I$14,"<"&K13)+1)) | S13: =IF(AND(P13="",Q13="",R13=""),"",N(P13)&"-"&N(Q13)&"-"&N(R13))
A14: 11 | G14: =IF(F14="","",DATEDIF(F14,TODAY(),"Y")) | L14: =IF(K14="","",INDEX(Lists!$H$2:$H$15,COUNTIF(Lists!$I$2:$I$14,"<"&K14)+1)) | S14: =IF(AND(P14="",Q14="",R14=""),"",N(P14)&"-"&N(Q14)&"-"&N(R14))
A15: 12 | G15: =IF(F15="","",DATEDIF(F15,TODAY(),"Y")) | L15: =IF(K15="","",INDEX(Lists!$H$2:$H$15,COUNTIF(Lists!$I$2:$I$14,"<"&K15)+1)) | S15: =IF(AND(P15="",Q15="",R15=""),"",N(P15)&"-"&N(Q15)&"-"&N(R15))
... A53: 50 | G53: =IF(F53="","",DATEDIF(F53,TODAY(),"Y")) | L53: =IF(K53="","",INDEX(Lists!$H$2:$H$15,COUNTIF(Lists!$I$2:$I$14,"<"&K53)+1)) | S53: =IF(AND(P53="",Q53="",R53=""),"",N(P53)&"-"&N(Q53)&"-"&N(R53))

Sheet Lists
A1: Gender | B1: Nationality | C1: Province | D1: Level | E1: IdType | F1: YesNo | H1: Weight class | I1: Up to (kg) | K1: Source: KKF System Settings → Weight classes, 2026-09-28.
A2: Male / ប្រុស | B2: Cambodian / ខ្មែរ | C2: Banteay Meanchey / បន្ទាយមានជ័យ | D2: Professional / អាជីព | E2: National ID / អត្តសញ្ញាណប័ណ្ណ | F2: Yes / បាទ/ចាស | H2: Under 45 kg | I2: 45
A3: Female / ស្រី | B3: Thai / ថៃ | C3: Battambang / បាត់ដំបង | D3: Amateur / ស្ម័គ្រចិត្ត | E3: Passport / លិខិតឆ្លងដែន | F3: No / ទេ | H3: 45 kg - 47 kg | I3: 47
B4: Vietnamese / វៀតណាម | C4: Kampong Cham / កំពង់ចាម | E4: Birth certificate / សំបុត្រកំណើត | H4: 48 kg - 49 kg | I4: 49
B5: Lao / ឡាវ | C5: Kampong Chhnang / កំពង់ឆ្នាំង | E5: Other / ផ្សេងៗ | H5: 50 kg - 52 kg | I5: 52
B6: Myanmar / មីយ៉ាន់ម៉ា | C6: Kampong Speu / កំពង់ស្ពឺ | H6: 53 kg - 55 kg | I6: 55
B7: Other / ផ្សេងៗ | C7: Kampong Thom / កំពង់ធំ | H7: 56 kg - 58 kg | I7: 58
C8: Kampot / កំពត | H8: 59 kg - 61 kg | I8: 61
C9: Kandal / កណ្ដាល | H9: 62 kg - 64 kg | I9: 64
C10: Kep / កែប | H10: 65 kg - 67 kg | I10: 67
C11: Koh Kong / កោះកុង | H11: 68 kg - 70 kg | I11: 70
C12: Kratie / ក្រចេះ | H12: 71 kg - 73 kg | I12: 73
C13: Mondulkiri / មណ្ឌលគិរី | H13: 74 kg - 76 kg | I13: 76
C14: Oddar Meanchey / ឧត្ដរមានជ័យ | H14: 77 kg - 80 kg | I14: 80
C15: Pailin / ប៉ៃលិន | H15: Over 80 kg
C16: Phnom Penh / ភ្នំពេញ
C17: Preah Sihanouk / ព្រះសីហនុ
C18: Preah Vihear / ព្រះវិហារ
C19: Prey Veng / ព្រៃវែង
C20: Pursat / ពោធិ៍សាត់
C21: Ratanakiri / រតនគិរី
C22: Siem Reap / សៀមរាប
C23: Stung Treng / ស្ទឹងត្រែង
C24: Svay Rieng / ស្វាយរៀង
C25: Takeo / តាកែវ
C26: Tbong Khmum / ត្បូងឃ្មុំ
